CVE_ENT,NOM_ENT,CVE_MUN,NOM_MUN25,CVEGEO,NOM_MUN20,POBTOT20,OCUPVIV20,POBVPH25,VABS_PBT,VPCT_PBT,,VABS_VPH,VPCT_VPH,,CENSO25,ESTATUS
10,Durango,009,Guanaceví,10009,Guanaceví,9869,9828,9961,92,0.00932212,0.93,133,0.013532764,1.35327635,False,COINCIDE_CVEGEO
10,Durango,017,Ocampo,10017,Ocampo,8003,8003,7693,-310,-0.038735474,-3.87,-310,-0.038735474,-3.87354742,False,COINCIDE_CVEGEO
10,Durango,036,Tlahualilo,10036,Tlahualilo,21143,21143,20409,-734,-0.034715982,-3.47,-734,-0.034715982,-3.47159816,False,COINCIDE_CVEGEO
10,Durango,021,Peñón Blanco,10021,Peñón Blanco,11118,11110,11143,25,0.002248606,0.22,33,0.002970297,0.2970297,False,COINCIDE_CVEGEO
10,Durango,034,Tamazula,10034,Tamazula,26300,26179,23676,-2624,-0.099771863,-9.98,-2503,-0.095610986,-9.56109859,False,COINCIDE_CVEGEO
10,Durango,024,Rodeo,10024,Rodeo,12818,12814,13120,302,0.023560618,2.36,306,0.023880131,2.38801311,False,COINCIDE_CVEGEO
10,Durango,012,Lerdo,10012,Lerdo,163313,163177,165001,1688,0.010335981,1.03,1824,0.011178046,1.11780459,False,COINCIDE_CVEGEO
10,Durango,039,Nuevo Ideal,10039,Nuevo Ideal,27981,27958,28267,286,0.010221222,1.02,309,0.011052293,1.10522927,False,COINCIDE_CVEGEO
10,Durango,018,El Oro,10018,El Oro,10384,10384,11151,767,0.073863636,7.39,767,0.073863636,7.38636364,False,COINCIDE_CVEGEO
10,Durango,011,Indé,10011,Indé,4748,4728,4577,-171,-0.036015164,-3.60,-151,-0.031937394,-3.19373942,False,COINCIDE_CVEGEO
10,Durango,005,Durango,10005,Durango,688697,683730,762181,73484,0.106700044,10.67,78451,0.114739736,11.47397364,False,COINCIDE_CVEGEO
10,Durango,010,Hidalgo,10010,Hidalgo,3843,3835,3367,-476,-0.123861567,-12.39,-468,-0.122033898,-12.20338983,True,COINCIDE_CVEGEO
10,Durango,030,San Pedro del Gallo,10030,San Pedro del Gallo,1633,1625,1360,-273,-0.167176975,-16.72,-265,-0.163076923,-16.30769231,True,COINCIDE_CVEGEO
10,Durango,029,San Luis del Cordero,10029,San Luis del Cordero,2103,2103,1845,-258,-0.122681883,-12.27,-258,-0.122681883,-12.2681883,True,COINCIDE_CVEGEO
10,Durango,023,Pueblo Nuevo,10023,Pueblo Nuevo,51269,51024,53158,1889,0.036844877,3.68,2134,0.041823456,4.18234556,False,COINCIDE_CVEGEO
10,Durango,033,Súchil,10033,Súchil,6917,6917,7209,292,0.042214833,4.22,292,0.042214833,4.2214833,False,COINCIDE_CVEGEO
10,Durango,016,Nombre de Dios,10016,Nombre de Dios,19060,19048,19629,569,0.029853096,2.99,581,0.03050189,3.050189,False,COINCIDE_CVEGEO
10,Durango,003,Coneto de Comonfort,10003,Coneto de Comonfort,4084,4078,3562,-522,-0.127815867,-12.78,-516,-0.126532614,-12.6532614,True,COINCIDE_CVEGEO
10,Durango,004,Cuencamé,10004,Cuencamé,34955,34955,37971,3016,0.086282363,8.63,3016,0.086282363,8.6282363,False,COINCIDE_CVEGEO
10,Durango,006,General Simón Bolívar,10006,General Simón Bolívar,10038,10022,9579,-459,-0.04572624,-4.57,-443,-0.044202754,-4.42027539,False,COINCIDE_CVEGEO
10,Durango,025,San Bernardo,10025,San Bernardo,2837,2837,2122,-715,-0.252026789,-25.20,-715,-0.252026789,-25.20267889,True,COINCIDE_CVEGEO
10,Durango,008,Guadalupe Victoria,10008,Guadalupe Victoria,36695,36331,35108,-1587,-0.043248399,-4.32,-1223,-0.033662712,-3.36627123,False,COINCIDE_CVEGEO
10,Durango,027,San Juan de Guadalupe,10027,San Juan de Guadalupe,5251,5251,4646,-605,-0.115216149,-11.52,-605,-0.115216149,-11.52161493,False,COINCIDE_CVEGEO
10,Durango,001,Canatlán,10001,Canatlán,31454,31032,32884,1430,0.045463216,4.55,1852,0.05968033,5.968033,False,COINCIDE_CVEGEO
10,Durango,035,Tepehuanes,10035,Tepehuanes,11378,11373,10172,-1206,-0.105994024,-10.59940,-1201,-0.105600985,-10.56009848,False,COINCIDE_CVEGEO
10,Durango,014,Mezquital,10014,Mezquital,48583,47215,47718,-865,-0.017804582,-1.78,503,0.010653394,1.0653394,True,COINCIDE_CVEGEO
10,Durango,022,Poanas,10022,Poanas,25623,25605,25061,-562,-0.021933419,-2.19,-544,-0.02124585,-2.12458504,False,COINCIDE_CVEGEO
10,Durango,038,Vicente Guerrero,10038,Vicente Guerrero,23476,23432,25628,2152,0.091668087,9.17,2196,0.093717993,9.37179925,False,COINCIDE_CVEGEO
10,Durango,037,Topia,10037,Topia,9320,9220,6302,-3018,-0.323819743,-32.38,-2918,-0.3164859,-31.64859002,False,COINCIDE_CVEGEO
10,Durango,019,Otáez,10019,Otáez,4924,4924,3970,-954,-0.193744923,-19.37,-954,-0.193744923,-19.37449228,True,COINCIDE_CVEGEO
10,Durango,028,San Juan del Río,10028,San Juan del Río,12013,12012,11465,-548,-0.045617248,-4.56,-547,-0.045537796,-4.55377955,False,COINCIDE_CVEGEO
10,Durango,026,San Dimas,10026,San Dimas,17333,17215,16354,-979,-0.056481855,-5.65,-861,-0.050014522,-5.00145222,False,COINCIDE_CVEGEO
10,Durango,015,Nazas,10015,Nazas,12894,12886,13796,902,0.069955018,7.00,910,0.070619277,7.06192767,False,COINCIDE_CVEGEO
10,Durango,031,Santa Clara,10031,Santa Clara,6727,6727,6468,-259,-0.038501561,-3.85,-259,-0.038501561,-3.85015609,False,COINCIDE_CVEGEO
10,Durango,007,Gómez Palacio,10007,Gómez Palacio,372750,370412,402487,29737,0.079777331,7.98,32075,0.086592767,8.6592767,False,COINCIDE_CVEGEO
10,Durango,020,Pánuco de Coronado,10020,Pánuco de Coronado,12656,12644,11994,-662,-0.052307206,-5.23,-650,-0.051407782,-5.14077823,False,COINCIDE_CVEGEO
10,Durango,032,Santiago Papasquiaro,10032,Santiago Papasquiaro,49207,48273,49150,-57,-0.001158372,-0.12,877,0.018167506,1.81675056,False,COINCIDE_CVEGEO
10,Durango,013,Mapimí,10013,Mapimí,26932,26930,27290,358,0.013292737,1.33,360,0.013367991,1.33679911,False,COINCIDE_CVEGEO
10,Durango,002,Canelas,10002,Canelas,4321,4293,3752,-569,-0.131682481,-13.17,-541,-0.126019101,-12.60191009,True,COINCIDE_CVEGEO
