CVEGEO,Municipio,Residentes_VPH_2020,Residentes_VPH_2025,Variacion_absoluta,Variacion_porcentual
10001,Canatlán,31032,32884,1852,5.968033
10002,Canelas,4293,3752,-541,-12.60191009
10003,Coneto de Comonfort,4078,3562,-516,-12.6532614
10004,Cuencamé,34955,37971,3016,8.6282363
10005,Durango,683730,762181,78451,11.47397364
10018,El Oro,10384,11151,767,7.38636364
10006,General Simón Bolívar,10022,9579,-443,-4.42027539
10007,Gómez Palacio,370412,402487,32075,8.6592767
10008,Guadalupe Victoria,36331,35108,-1223,-3.36627123
10009,Guanaceví,9828,9961,133,1.35327635
10010,Hidalgo,3835,3367,-468,-12.20338983
10011,Indé,4728,4577,-151,-3.19373942
10012,Lerdo,163177,165001,1824,1.11780459
10013,Mapimí,26930,27290,360,1.33679911
10014,Mezquital,47215,47718,503,1.0653394
10015,Nazas,12886,13796,910,7.06192767
10016,Nombre de Dios,19048,19629,581,3.050189
10039,Nuevo Ideal,27958,28267,309,1.10522927
10017,Ocampo,8003,7693,-310,-3.87354742
10019,Otáez,4924,3970,-954,-19.37449228
10020,Pánuco de Coronado,12644,11994,-650,-5.14077823
10021,Peñón Blanco,11110,11143,33,0.2970297
10022,Poanas,25605,25061,-544,-2.12458504
10023,Pueblo Nuevo,51024,53158,2134,4.18234556
10024,Rodeo,12814,13120,306,2.38801311
10025,San Bernardo,2837,2122,-715,-25.20267889
10026,San Dimas,17215,16354,-861,-5.00145222
10027,San Juan de Guadalupe,5251,4646,-605,-11.52161493
10028,San Juan del Río,12012,11465,-547,-4.55377955
10029,San Luis del Cordero,2103,1845,-258,-12.2681883
10030,San Pedro del Gallo,1625,1360,-265,-16.30769231
10031,Santa Clara,6727,6468,-259,-3.85015609
10032,Santiago Papasquiaro,48273,49150,877,1.81675056
10033,Súchil,6917,7209,292,4.2214833
10034,Tamazula,26179,23676,-2503,-9.56109859
10035,Tepehuanes,11373,10172,-1201,-10.56009848
10036,Tlahualilo,21143,20409,-734,-3.47159816
10037,Topia,9220,6302,-2918,-31.64859002
10038,Vicente Guerrero,23432,25628,2196,9.37179925
